"Player","IP","K","W","L","ERA","WHIP","ER","H","BB","HR","G","GS","QS","CG","Own","POSRANK","POS","Wscaled","ERAscaled","Kscaled","WHIPscaled","totalScaled","Jenks","OverallRank","label","Tier"
"Chris Sale (BOS - SP)",186.5,251,16,6,2.66,0.97,55,141,40,19,30,30,22,0,"99%",2,"sp",2.20248179657109,2.9625779364267,2.42426034564097,3.2896288709575,10.8789489495963,"10",1,"Chris Sale (BOS - SP) as SP. Total: 10.88",1
"Max Scherzer (WSH - SP)",208.1,270,16,8,2.88,1,67,153,55,25,32,32,26,2,"99%",1,"sp",2.20248179657109,2.39493541246409,2.90819548503138,2.93154154828433,10.4371542423509,"10",2,"Max Scherzer (WSH - SP) as SP. Total: 10.44",1
"Jacob deGrom (NYM - SP)",207.6,248,15,9,2.7,1.05,62,166,52,20,31,31,26,1,"99%",3,"sp",1.81403703527108,2.85937020479714,2.34784953415828,2.33472934382905,9.35598611805554,"10",3,"Jacob deGrom (NYM - SP) as SP. Total: 9.36",1
"Justin Verlander (HOU - SP)",199.1,243,15,8,3.12,1.04,69,157,50,27,31,31,22,1,"99%",4,"sp",1.81403703527108,1.77568902268669,2.22049818168712,2.4540917847201,8.26431602436499,"9",4,"Justin Verlander (HOU - SP) as SP. Total: 8.26",2
"Corey Kluber (CLE - SP)",205.9,221,16,8,3.17,1.06,72,177,42,24,31,31,23,3,"99%",5,"sp",2.20248179657109,1.64667935814973,1.66015223081402,2.21536690293799,7.72468028847284,"9",5,"Corey Kluber (CLE - SP) as SP. Total: 7.72",2
"Carlos Carrasco (CLE - SP)",190.2,217,15,8,3.31,1.12,70,169,44,23,31,30,20,2,"99%",8,"sp",1.81403703527108,1.28545229744625,1.5582711488371,1.49919225759166,6.15695273914608,"8",6,"Carlos Carrasco (CLE - SP) as SP. Total: 6.16",3
"Gerrit Cole (HOU - SP)",195.7,235,14,8,3.32,1.14,72,163,59,23,32,32,21,1,"99%",6,"sp",1.42559227397106,1.25965036453886,2.01673601773327,1.26046737580955,5.96244603205273,"8",7,"Gerrit Cole (HOU - SP) as SP. Total: 5.96",3
"Aaron Nola (PHI - SP)",196.6,210,14,9,3.21,1.14,70,167,56,20,32,32,23,0,"99%",7,"sp",1.42559227397106,1.54347162652017,1.37997925537747,1.26046737580955,5.60951053167825,"8",8,"Aaron Nola (PHI - SP) as SP. Total: 5.61",3
"Blake Snell (TB - SP)",182.1,216,14,8,3.13,1.18,63,143,71,19,32,32,21,0,"99%",9,"sp",1.42559227397106,1.7498870897793,1.53280087834286,0.783017612245327,5.49129785433855,"8",9,"Blake Snell (TB - SP) as SP. Total: 5.49",3
"Trevor Bauer (CLE - SP)",187.3,218,14,8,3.33,1.19,69,161,62,20,31,31,21,0,"99%",10,"sp",1.42559227397106,1.23384843163147,1.58374141933133,0.663655171354271,4.90683729628813,"8",10,"Trevor Bauer (CLE - SP) as SP. Total: 4.91",3
"Clayton Kershaw (LAD - SP)",153.3,155,11,6,2.96,1.06,50,131,31,17,24,24,18,0,"97%",11,"sp",0.260257990071011,2.18851994920495,-0.0208856218052698,2.21536690293799,4.64325922040869,"8",11,"Clayton Kershaw (LAD - SP) as SP. Total: 4.64",3
"James Paxton (NYY - SP)",166.7,198,13,7,3.44,1.14,64,144,45,21,28,28,17,1,"99%",14,"sp",1.03714751267104,0.950027169650159,1.07433600944669,1.26046737580955,4.32197806757745,"7",12,"James Paxton (NYY - SP) as SP. Total: 4.32",4
"Luis Severino (NYY - SP) DL10",152.9,174,12,6,3.31,1.13,56,133,39,18,26,26,15,0,"98%",15,"sp",0.648702751371028,1.28545229744625,0.463049517585132,1.37982981670061,3.77703438310301,"7",13,"Luis Severino (NYY - SP) DL10 as SP. Total: 3.78",4
"Walker Buehler (LAD - SP)",162.6,180,11,7,3.18,1.14,57,133,52,17,28,28,19,0,"99%",13,"sp",0.260257990071011,1.62087742524234,0.615871140550523,1.26046737580955,3.75747393167342,"7",14,"Walker Buehler (LAD - SP) as SP. Total: 3.76",4
"Noah Syndergaard (NYM - SP)",175.2,182,12,8,3.23,1.17,63,159,45,15,28,28,20,2,"99%",12,"sp",0.648702751371028,1.49186776070538,0.666811681538986,0.902380053136382,3.70976224675178,"7",15,"Noah Syndergaard (NYM - SP) as SP. Total: 3.71",4
"Stephen Strasburg (WSH - SP)",163,186,12,8,3.41,1.16,62,142,48,19,28,28,18,0,"99%",17,"sp",0.648702751371028,1.02743296837233,0.768692763515913,1.02174249402744,3.46657097728671,"7",16,"Stephen Strasburg (WSH - SP) as SP. Total: 3.47",4
"Patrick Corbin (WSH - SP)",187.8,202,13,9,3.5,1.22,73,173,55,21,32,32,20,1,"99%",16,"sp",1.03714751267104,0.795215572205809,1.17621709142362,0.305567848681103,3.31414802498158,"7",17,"Patrick Corbin (WSH - SP) as SP. Total: 3.31",4
"Zack Greinke (ARI - SP)",194.7,186,13,11,3.7,1.18,80,181,49,25,31,31,19,0,"99%",18,"sp",1.03714751267104,0.279176914057977,0.768692763515913,0.783017612245327,2.86803480249026,"7",18,"Zack Greinke (ARI - SP) as SP. Total: 2.87",4
"Charlie Morton (TB - SP)",158.3,177,12,7,3.41,1.2,60,132,58,16,27,27,17,0,"92%",21,"sp",0.648702751371028,1.02743296837233,0.539460329067827,0.544292730463215,2.7598887792744,"7",19,"Charlie Morton (TB - SP) as SP. Total: 2.76",4
"Jack Flaherty (STL - SP)",168.2,189,11,9,3.49,1.18,65,139,61,21,30,30,16,0,"99%",19,"sp",0.260257990071011,0.8210175051132,0.845103574998608,0.783017612245327,2.70939668242815,"7",20,"Jack Flaherty (STL - SP) as SP. Total: 2.71",4
"Mike Clevinger (CLE - SP)",180.5,192,13,9,3.66,1.25,73,158,68,22,30,30,19,1,"99%",23,"sp",1.03714751267104,0.382384645687544,0.921514386481303,-0.052519473992064,2.28852707084783,"6",21,"Mike Clevinger (CLE - SP) as SP. Total: 2.29",5
"David Price (BOS - SP)",177.3,177,13,8,3.79,1.21,75,164,51,23,30,30,18,1,"98%",24,"sp",1.03714751267104,0.0469595178914532,0.539460329067827,0.424930289572159,2.04849764920248,"6",22,"David Price (BOS - SP) as SP. Total: 2.05",5
"Miles Mikolas (STL - SP)",190.6,149,13,9,3.61,1.2,77,191,37,21,31,31,20,1,"93%",20,"sp",1.03714751267104,0.511394310224502,-0.17370724477066,0.544292730463215,1.9191273085881,"6",23,"Miles Mikolas (STL - SP) as SP. Total: 1.92",5
"Jose Berrios (MIN - SP)",188.8,192,13,10,3.9,1.23,82,170,62,24,32,32,18,1,"98%",25,"sp",1.03714751267104,-0.236861744089854,0.921514386481303,0.186205407790048,1.90800556285254,"6",24,"Jose Berrios (MIN - SP) as SP. Total: 1.91",5
"Jameson Taillon (PIT - SP)",186.7,174,12,10,3.64,1.23,76,181,48,21,32,32,19,2,"99%",22,"sp",0.648702751371028,0.433988511502327,0.463049517585132,0.186205407790048,1.73194618824853,"6",25,"Jameson Taillon (PIT - SP) as SP. Total: 1.73",5
"Rich Hill (LAD - SP)",136.1,150,10,7,3.49,1.15,53,111,45,18,24,24,13,0,"78%",33,"sp",-0.128186771229006,0.8210175051132,-0.148236974276428,1.14110493491849,1.68569869452626,"6",26,"Rich Hill (LAD - SP) as SP. Total: 1.69",5
"J.A. Happ (NYY - SP)",167.6,170,13,8,3.82,1.22,71,153,52,24,29,29,16,0,"91%",34,"sp",1.03714751267104,-0.030446280830721,0.361168435608206,0.305567848681103,1.67343751612963,"6",27,"J.A. Happ (NYY - SP) as SP. Total: 1.67",5
"Masahiro Tanaka (NYY - SP)",165.6,167,12,8,3.84,1.18,71,157,38,24,28,28,17,1,"96%",27,"sp",0.648702751371028,-0.0820501466455042,0.284757624125511,0.783017612245327,1.63442784109636,"6",28,"Masahiro Tanaka (NYY - SP) as SP. Total: 1.63",5
"Kyle Hendricks (CHC - SP)",184.3,155,12,9,3.68,1.2,75,175,47,22,31,31,18,0,"91%",26,"sp",0.648702751371028,0.33078077987276,-0.0208856218052698,0.544292730463215,1.50289063990173,"6",29,"Kyle Hendricks (CHC - SP) as SP. Total: 1.5",5
"Zack Wheeler (NYM - SP)",173.8,171,11,9,3.6,1.24,70,156,59,18,29,29,19,0,"96%",28,"sp",0.260257990071011,0.537196243131893,0.386638706102437,0.0668429668989918,1.25093590620433,"6",30,"Zack Wheeler (NYM - SP) as SP. Total: 1.25",5
"German Marquez (COL - SP)",184.7,198,12,10,3.89,1.27,80,180,55,24,32,32,18,0,"92%",31,"sp",0.648702751371028,-0.211059811182463,1.07433600944669,-0.291244355774176,1.22073459386108,"6",31,"German Marquez (COL - SP) as SP. Total: 1.22",5
"Chris Archer (PIT - SP)",178.9,198,11,10,3.78,1.27,75,169,58,22,32,31,17,0,"92%",29,"sp",0.260257990071011,0.0727614507988454,1.07433600944669,-0.291244355774176,1.11611109454237,"6",32,"Chris Archer (PIT - SP) as SP. Total: 1.12",5
"Rick Porcello (BOS - SP)",186.7,173,13,10,4.12,1.23,85,185,44,27,32,32,16,1,"90%",37,"sp",1.03714751267104,-0.804504268052469,0.437579247090901,0.186205407790048,0.856427899499523,"5",33,"Rick Porcello (BOS - SP) as SP. Total: 0.86",6
"Robbie Ray (ARI - SP)",161.2,207,10,8,3.74,1.3,67,134,76,21,29,29,15,0,"92%",38,"sp",-0.128186771229006,0.175969182428411,1.30356844389478,-0.649331678447343,0.702019176646841,"5",34,"Robbie Ray (ARI - SP) as SP. Total: 0.7",6
"Madison Bumgarner (SF - SP)",178.7,161,10,10,3.72,1.22,74,167,51,24,29,29,19,1,"94%",32,"sp",-0.128186771229006,0.227573048243194,0.13193600116012,0.305567848681103,0.536890126855412,"5",35,"Madison Bumgarner (SF - SP) as SP. Total: 0.54",6
"Mike Foltynewicz (ATL - SP) DL10",149.6,157,10,8,3.64,1.23,61,130,54,19,25,25,15,1,"91%",35,"sp",-0.128186771229006,0.433988511502327,0.0300549191831936,0.186205407790048,0.522062067246562,"5",36,"Mike Foltynewicz (ATL - SP) DL10 as SP. Total: 0.52",6
"Kenta Maeda (LAD - SP)",138.2,150,10,7,3.68,1.21,56,124,43,17,30,23,9,0,"78%",30,"sp",-0.128186771229006,0.33078077987276,-0.148236974276428,0.424930289572159,0.479287323939486,"5",37,"Kenta Maeda (LAD - SP) as SP. Total: 0.48",6
"Jose Quintana (CHC - SP)",175.4,167,12,9,3.9,1.28,76,164,61,21,31,31,16,0,"86%",42,"sp",0.648702751371028,-0.236861744089854,0.284757624125511,-0.410606796665231,0.285991834741453,"5",38,"Jose Quintana (CHC - SP) as SP. Total: 0.29",6
"Cole Hamels (CHC - SP)",173.8,166,11,9,3.83,1.27,74,159,62,21,29,29,18,1,"91%",40,"sp",0.260257990071011,-0.0562482137381132,0.259287353631279,-0.291244355774176,0.172052774190001,"5",39,"Cole Hamels (CHC - SP) as SP. Total: 0.17",6
"Shane Bieber (CLE - SP)",157.4,150,11,8,3.87,1.23,68,163,31,18,27,27,16,0,"87%",39,"sp",0.260257990071011,-0.15945594536768,-0.148236974276428,0.186205407790048,0.138770478216951,"5",40,"Shane Bieber (CLE - SP) as SP. Total: 0.14",6
"Luis Castillo (CIN - SP)",166.9,166,10,10,3.92,1.23,73,154,51,24,30,30,16,0,"90%",36,"sp",-0.128186771229006,-0.288465609904637,0.259287353631279,0.186205407790048,0.0288403802876838,"5",41,"Luis Castillo (CIN - SP) as SP. Total: 0.03",6
"Andrew Heaney (LAA - SP)",151.9,151,10,8,3.88,1.21,66,143,40,23,26,26,16,1,"67%",43,"sp",-0.128186771229006,-0.185257878275071,-0.122766703782197,0.424930289572159,-0.0112810637141137,"5",42,"Andrew Heaney (LAA - SP) as SP. Total: -0.01",6
"Dallas Keuchel (SP) FA",168.2,131,11,8,3.62,1.26,68,164,49,16,27,27,14,1,"81%",45,"sp",0.260257990071011,0.48559237731711,-0.632172113666831,-0.17188191488312,-0.0582036611618292,"5",43,"Dallas Keuchel (SP) FA as SP. Total: -0.06",6
"Hyun-Jin Ryu (LAD - SP)",122.2,121,9,6,3.53,1.21,48,115,33,16,22,22,13,0,"73%",54,"sp",-0.516631532529022,0.717809773483635,-0.886874818609148,0.424930289572159,-0.260766288082376,"4",44,"Hyun-Jin Ryu (LAD - SP) as SP. Total: -0.26",7
"Yu Darvish (CHC - SP)",141.2,160,9,8,3.81,1.24,60,123,52,18,24,24,15,0,"89%",46,"sp",-0.516631532529022,-0.00464434792332997,0.106465730665889,0.0668429668989918,-0.347967182887472,"4",45,"Yu Darvish (CHC - SP) as SP. Total: -0.35",7
"Ross Stripling (LAD - SP,RP)",117.1,119,8,6,3.51,1.19,46,112,28,15,36,17,9,0,"75%",44,"sp",-0.905076293829039,0.769413639298418,-0.937815359597611,0.663655171354271,-0.409822842773961,"4",46,"Ross Stripling (LAD - SP,RP) as SP. Total: -0.41",7
"Jake Arrieta (PHI - SP)",173.2,152,11,10,3.95,1.27,76,162,59,23,31,31,16,0,"84%",50,"sp",0.260257990071011,-0.365871408626812,-0.0972964332879649,-0.291244355774176,-0.494154207617942,"4",47,"Jake Arrieta (PHI - SP) as SP. Total: -0.49",7
"Joey Lucchesi (SD - SP)",155.6,160,10,10,3.9,1.27,67,147,51,20,28,28,14,0,"67%",51,"sp",-0.128186771229006,-0.236861744089854,0.106465730665889,-0.291244355774176,-0.549827140427146,"4",48,"Joey Lucchesi (SD - SP) as SP. Total: -0.55",7
"Jon Lester (CHC - SP)",179.9,159,12,9,4.01,1.32,80,175,62,24,31,31,18,0,"84%",57,"sp",0.648702751371028,-0.520683006071161,0.080995460171657,-0.888056560229454,-0.679041354757931,"4",49,"Jon Lester (CHC - SP) as SP. Total: -0.68",7
"Carlos Martinez (STL - SP) DL10",131.2,127,9,7,3.48,1.27,51,114,52,13,30,20,12,1,"49%",41,"sp",-0.516631532529022,0.846819438020593,-0.734053195643757,-0.291244355774176,-0.695109645926363,"4",50,"Carlos Martinez (STL - SP) DL10 as SP. Total: -0.7",7
"Eduardo Rodriguez (BOS - SP)",144.4,157,10,7,3.94,1.27,63,133,50,19,27,26,14,0,"89%",55,"sp",-0.128186771229006,-0.34006947571942,0.0300549191831936,-0.291244355774176,-0.729445683539408,"4",51,"Eduardo Rodriguez (BOS - SP) as SP. Total: -0.73",7
"Nathan Eovaldi (BOS - SP)",143,129,10,7,3.91,1.23,62,142,34,18,27,27,15,0,"83%",48,"sp",-0.128186771229006,-0.262663676997246,-0.683112654655294,0.186205407790048,-0.887757695091498,"4",52,"Nathan Eovaldi (BOS - SP) as SP. Total: -0.89",7
"Marco Gonzales (SEA - SP)",165.2,140,11,10,3.97,1.28,73,172,39,21,29,29,15,1,"51%",53,"sp",0.260257990071011,-0.417475274441596,-0.402939679218745,-0.410606796665231,-0.970763760254561,"4",53,"Marco Gonzales (SEA - SP) as SP. Total: -0.97",7
"Jon Gray (COL - SP)",162.9,167,11,9,4.16,1.31,75,162,51,21,29,29,14,0,"72%",60,"sp",0.260257990071011,-0.907711999682036,0.284757624125511,-0.768694119338399,-1.13139050482391,"3",54,"Jon Gray (COL - SP) as SP. Total: -1.13",8
"Chris Paddack (SD - SP)",125,125,8,7,3.72,1.22,52,120,32,15,21,21,13,0,"54%",59,"sp",-0.905076293829039,0.227573048243194,-0.784993736632221,0.305567848681103,-1.15692913353696,"3",55,"Chris Paddack (SD - SP) as SP. Total: -1.16",8
"Nick Pivetta (PHI - SP)",160.9,175,10,10,4.17,1.3,75,154,54,23,31,31,14,0,"82%",52,"sp",-0.128186771229006,-0.933513932589427,0.488519788079364,-0.649331678447343,-1.22251259418641,"3",56,"Nick Pivetta (PHI - SP) as SP. Total: -1.22",8
"Kevin Gausman (ATL - SP) DL10",172.5,153,11,10,4.08,1.31,78,174,52,22,30,30,16,0,"65%",58,"sp",0.260257990071011,-0.701296536422903,-0.0718261627937332,-0.768694119338399,-1.28155882848402,"3",57,"Kevin Gausman (ATL - SP) DL10 as SP. Total: -1.28",8
"Joe Musgrove (PIT - SP)",150.4,130,10,9,3.98,1.25,67,152,36,19,27,27,16,0,"51%",56,"sp",-0.128186771229006,-0.443277207348987,-0.657642384161062,-0.052519473992064,-1.28162583673112,"3",58,"Joe Musgrove (PIT - SP) as SP. Total: -1.28",8
"Mike Minor (TEX - SP)",159,143,10,9,4.24,1.23,75,151,44,25,28,28,15,0,"14%",65,"sp",-0.128186771229006,-1.11412746294117,-0.32652886773605,0.186205407790048,-1.38263769411618,"3",59,"Mike Minor (TEX - SP) as SP. Total: -1.38",8
"Alex Wood (CIN - SP) DL10",142.1,129,9,8,3.82,1.26,60,136,43,17,26,25,15,0,"50%",47,"sp",-0.516631532529022,-0.030446280830721,-0.683112654655294,-0.17188191488312,-1.40207238289816,"3",60,"Alex Wood (CIN - SP) DL10 as SP. Total: -1.4",8
"Yusei Kikuchi (SEA - SP)",150.2,141,9,9,3.9,1.28,65,139,53,19,26,25,15,0,"82%",62,"sp",-0.516631532529022,-0.236861744089854,-0.377469408724514,-0.410606796665231,-1.54156948200862,"3",61,"Yusei Kikuchi (SEA - SP) as SP. Total: -1.54",8
"Jhoulys Chacin (MIL - SP)",180,149,11,10,4.1,1.32,82,169,68,23,32,32,16,0,"52%",68,"sp",0.260257990071011,-0.752900402237685,-0.17370724477066,-0.888056560229454,-1.55440621716679,"3",62,"Jhoulys Chacin (MIL - SP) as SP. Total: -1.55",8
"Jakob Junis (KC - SP)",175.3,159,10,11,4.3,1.27,84,178,44,27,30,30,16,1,"19%",64,"sp",-0.128186771229006,-1.26893906038552,0.080995460171657,-0.291244355774176,-1.60737472721704,"3",63,"Jakob Junis (KC - SP) as SP. Total: -1.61",8
"Zack Godley (ARI - SP)",171.4,170,11,10,4.11,1.37,78,164,71,18,30,30,16,0,"50%",66,"sp",0.260257990071011,-0.778702335145078,0.361168435608206,-1.48486876468473,-1.64214467415059,"3",64,"Zack Godley (ARI - SP) as SP. Total: -1.64",8
"Kyle Freeland (COL - SP)",186.9,151,12,11,4.12,1.38,86,192,67,23,32,31,18,0,"80%",73,"sp",0.648702751371028,-0.804504268052469,-0.122766703782197,-1.60423120557579,-1.88279942603942,"3",65,"Kyle Freeland (COL - SP) as SP. Total: -1.88",8
"Steven Matz (NYM - SP)",150.6,142,8,9,3.93,1.28,66,141,52,19,28,28,13,0,"35%",61,"sp",-0.905076293829039,-0.314267542812029,-0.351999138230282,-0.410606796665231,-1.98194977153658,"3",66,"Steven Matz (NYM - SP) as SP. Total: -1.98",8
"Tyler Skaggs (LAA - SP)",141.9,139,9,8,3.99,1.31,63,139,47,17,26,26,15,0,"54%",67,"sp",-0.516631532529022,-0.469079140256379,-0.428409949712977,-0.768694119338399,-2.18281474183678,"2",67,"Tyler Skaggs (LAA - SP) as SP. Total: -2.18",9
"Sean Newcomb (ATL - SP)",151.1,151,10,9,3.99,1.37,67,134,73,17,27,27,15,0,"59%",71,"sp",-0.128186771229006,-0.469079140256379,-0.122766703782197,-1.48486876468473,-2.20490137995231,"2",68,"Sean Newcomb (ATL - SP) as SP. Total: -2.2",9
"Kyle Gibson (MIN - SP)",186.7,162,11,11,4.19,1.39,87,188,71,23,31,31,17,0,"31%",69,"sp",0.260257990071011,-0.985117798404211,0.157406271654352,-1.72359364646684,-2.29104718314569,"2",69,"Kyle Gibson (MIN - SP) as SP. Total: -2.29",9
"Tyler Glasnow (TB - SP,RP)",139.1,162,8,8,4.08,1.33,63,120,65,17,27,27,14,0,"70%",49,"sp",-0.905076293829039,-0.701296536422903,0.157406271654352,-1.00741900112051,-2.4563855597181,"2",70,"Tyler Glasnow (TB - SP,RP) as SP. Total: -2.46",9
"Jesus Luzardo (OAK - SP) MiLB",103.3,95,7,6,3.72,1.24,43,93,35,13,18,18,9,0,"16%",85,"sp",-1.29352105512906,0.227573048243194,-1.54910185145917,0.0668429668989918,-2.54820689144604,"2",71,"Jesus Luzardo (OAK - SP) MiLB as SP. Total: -2.55",9
"Mike Fiers (OAK - SP)",159.1,133,10,10,4.36,1.29,77,159,46,25,29,28,14,0,"11%",91,"sp",-0.128186771229006,-1.42375065782987,-0.581231572678367,-0.529969237556287,-2.66313823929353,"2",72,"Mike Fiers (OAK - SP) as SP. Total: -2.66",9
"Tanner Roark (CIN - SP)",165.8,141,10,11,4.31,1.32,79,164,54,23,28,28,17,0,"15%",83,"sp",-0.128186771229006,-1.29474099329291,-0.377469408724514,-0.888056560229454,-2.68845373347588,"2",73,"Tanner Roark (CIN - SP) as SP. Total: -2.69",9
"Danny Duffy (KC - SP) DL10",155.2,142,9,10,4.17,1.32,72,150,55,22,28,28,10,0,"2%",78,"sp",-0.516631532529022,-0.933513932589427,-0.351999138230282,-0.888056560229454,-2.69020116357819,"2",74,"Danny Duffy (KC - SP) DL10 as SP. Total: -2.69",9
"Marcus Stroman (TOR - SP)",169.3,134,10,10,4.07,1.36,77,176,54,17,29,29,16,1,"39%",76,"sp",-0.128186771229006,-0.675494603515512,-0.555761302184135,-1.36550632379368,-2.72494900072233,"2",75,"Marcus Stroman (TOR - SP) as SP. Total: -2.72",9
"Trevor Williams (PIT - SP)",156.8,118,10,10,4.07,1.33,71,156,53,18,29,28,16,1,"22%",97,"sp",-0.128186771229006,-0.675494603515512,-0.963285630091843,-1.00741900112051,-2.77438600595687,"2",76,"Trevor Williams (PIT - SP) as SP. Total: -2.77",9
"Vince Velasquez (PHI - SP)",138.9,148,9,9,4.23,1.33,65,130,55,20,27,27,11,0,"4%",79,"sp",-0.516631532529022,-1.08832553003378,-0.199177515264892,-1.00741900112051,-2.8115535789482,"2",77,"Vince Velasquez (PHI - SP) as SP. Total: -2.81",9
"Matthew Boyd (DET - SP)",166.5,151,9,11,4.45,1.29,82,162,53,26,30,30,15,0,"25%",84,"sp",-0.516631532529022,-1.65596805399639,-0.122766703782197,-0.529969237556287,-2.8253355278639,"2",78,"Matthew Boyd (DET - SP) as SP. Total: -2.83",9
"Julio Teheran (ATL - SP)",167.9,149,9,10,4.34,1.31,81,151,68,24,28,28,17,0,"54%",90,"sp",-0.516631532529022,-1.37214679201508,-0.17370724477066,-0.768694119338399,-2.83117968865316,"2",79,"Julio Teheran (ATL - SP) as SP. Total: -2.83",9
"Dylan Bundy (BAL - SP)",173.4,174,9,12,4.61,1.31,89,173,54,31,30,30,16,1,"27%",89,"sp",-0.516631532529022,-2.06879898051466,0.463049517585132,-0.768694119338399,-2.89107511479695,"2",80,"Dylan Bundy (BAL - SP) as SP. Total: -2.89",9
"Freddy Peralta (MIL - SP)",121.3,142,8,7,4.12,1.32,55,101,59,17,23,22,14,0,"19%",81,"sp",-0.905076293829039,-0.804504268052469,-0.351999138230282,-0.888056560229454,-2.94963626034124,"2",81,"Freddy Peralta (MIL - SP) as SP. Total: -2.95",9
"Sonny Gray (CIN - SP)",150.5,141,10,10,4.18,1.37,70,148,58,18,28,28,15,0,"36%",63,"sp",-0.128186771229006,-0.959315865496818,-0.377469408724514,-1.48486876468473,-2.94984081013507,"2",82,"Sonny Gray (CIN - SP) as SP. Total: -2.95",9
"Anibal Sanchez (WSH - SP)",142,137,8,8,4.22,1.29,67,139,45,21,27,26,14,0,"22%",87,"sp",-0.905076293829039,-1.06252359712638,-0.47935049070144,-0.529969237556287,-2.97691961921315,"2",83,"Anibal Sanchez (WSH - SP) as SP. Total: -2.98",9
"Mike Leake (SEA - SP)",182.8,121,10,11,4.29,1.31,87,202,38,24,31,31,17,0,"3%",95,"sp",-0.128186771229006,-1.24313712747813,-0.886874818609148,-0.768694119338399,-3.02689283665468,"2",84,"Mike Leake (SEA - SP) as SP. Total: -3.03",9
"Josh James (HOU - SP)",94.9,110,6,5,3.75,1.28,40,82,40,10,29,14,5,0,"20%",94,"sp",-1.68196581642907,0.15016724952102,-1.1670477940457,-0.410606796665231,-3.10945315761898,"2",85,"Josh James (HOU - SP) as SP. Total: -3.11",9
"Caleb Ferguson (LAD - SP,RP)",64.3,71,5,3,3.46,1.23,25,56,23,8,39,4,1,0,"1%",80,"sp",-2.07041057772909,0.898423303835376,-2.16038834332073,0.186205407790048,-3.1461702094244,"2",86,"Caleb Ferguson (LAD - SP,RP) as SP. Total: -3.15",9
"Jose Urena (MIA - SP)",166.1,125,9,11,4.2,1.32,78,162,56,21,30,29,15,1,"6%",100,"sp",-0.516631532529022,-1.0109197313116,-0.784993736632221,-0.888056560229454,-3.2006015607023,"2",87,"Jose Urena (MIA - SP) as SP. Total: -3.2",9
"Wade LeBlanc (SEA - SP,RP)",144.7,115,8,8,4.3,1.26,69,144,39,22,25,25,13,0,"4%",75,"sp",-0.905076293829039,-1.26893906038552,-1.03969644157454,-0.17188191488312,-3.38559371067221,"1",88,"Wade LeBlanc (SEA - SP,RP) as SP. Total: -3.39",10
"Seth Lugo (NYM - SP,RP)",81.9,79,4,4,3.62,1.2,33,75,24,11,47,4,0,0,"7%",70,"sp",-2.45885533902911,0.48559237731711,-1.95662617936688,0.544292730463215,-3.38559641061566,"1",89,"Seth Lugo (NYM - SP,RP) as SP. Total: -3.39",10
"Trevor Richards (MIA - SP)",141.2,135,7,10,4.07,1.33,64,136,52,19,28,28,13,0,"11%",93,"sp",-1.29352105512906,-0.675494603515512,-0.530291031689904,-1.00741900112051,-3.50672569145498,"1",90,"Trevor Richards (MIA - SP) as SP. Total: -3.51",10
"Michael Wacha (STL - SP)",135.9,119,9,7,4.09,1.36,62,133,51,16,25,25,14,0,"28%",96,"sp",-0.516631532529022,-0.727098469330294,-0.937815359597611,-1.36550632379368,-3.5470516852506,"1",91,"Michael Wacha (STL - SP) as SP. Total: -3.55",10
"Michael Pineda (MIN - SP)",125,122,8,7,4.22,1.31,59,130,33,16,21,21,13,0,"11%",98,"sp",-0.905076293829039,-1.06252359712638,-0.861404548114916,-0.768694119338399,-3.59769855840874,"1",92,"Michael Pineda (MIN - SP) as SP. Total: -3.6",10
"Matt Strahm (SD - SP,RP)",96.8,105,6,6,3.9,1.28,42,87,37,14,29,17,11,0,"40%",72,"sp",-1.68196581642907,-0.236861744089854,-1.29439914651685,-0.410606796665231,-3.62383350370101,"1",93,"Matt Strahm (SD - SP,RP) as SP. Total: -3.62",10
"Ryan Yarbrough (TB - SP,RP)",133.8,114,8,8,4.2,1.31,62,132,43,18,30,16,6,0,"11%",74,"sp",-0.905076293829039,-1.0109197313116,-1.06516671206877,-0.768694119338399,-3.74985685654781,"1",94,"Ryan Yarbrough (TB - SP,RP) as SP. Total: -3.75",10
"Brad Keller (KC - SP,RP)",155.5,112,9,9,4.08,1.38,70,159,55,16,29,27,16,1,"10%",86,"sp",-0.516631532529022,-0.701296536422903,-1.11610725305723,-1.60423120557579,-3.93826652758494,"1",95,"Brad Keller (KC - SP,RP) as SP. Total: -3.94",10
"Robbie Erlin (SD - SP,RP)",99.7,82,5,6,3.98,1.21,44,101,20,12,44,10,4,0,"1%",77,"sp",-2.07041057772909,-0.443277207348987,-1.88021536788418,0.424930289572159,-3.9689728633901,"1",96,"Robbie Erlin (SD - SP,RP) as SP. Total: -3.97",10
"Luke Weaver (ARI - SP)",140.1,133,8,9,4.31,1.37,67,143,49,18,26,25,12,0,"24%",82,"sp",-0.905076293829039,-1.29474099329291,-0.581231572678367,-1.48486876468473,-4.26591762448505,"1",97,"Luke Weaver (ARI - SP) as SP. Total: -4.27",10
"Yonny Chirinos (TB - SP,RP)",109.7,91,6,6,4.02,1.28,49,112,29,17,27,14,6,0,"3%",88,"sp",-1.68196581642907,-0.546484938978552,-1.6509829334361,-0.410606796665231,-4.29004048550895,"1",98,"Yonny Chirinos (TB - SP,RP) as SP. Total: -4.29",10
"Julio Urias (LAD - SP)",76.4,76,5,4,3.71,1.31,31,69,32,9,21,12,4,0,"38%",99,"sp",-2.07041057772909,0.253374981150586,-2.03303699084957,-0.768694119338399,-4.61876670676648,"1",99,"Julio Urias (LAD - SP) as SP. Total: -4.62",10
"Sergio Romo (MIA - SP,RP)",60.3,65,3,3,3.8,1.22,25,55,19,8,62,0,0,0,"19%",92,"sp",-2.84730010032912,0.0211575849840622,-2.31320996628612,0.305567848681103,-4.83378463295008,NA,100,"Sergio Romo (MIA - SP,RP) as SP. Total: -4.83",NA
