"Player","IP","K","SV","BS","HD","ERA","WHIP","ER","G","W","L","Rost%","POSRANK","Hits","Walks","POS","ERAscaled","WHIPscaled","Kscaled","SVscaled","SVSGP","GS","QS","CG","QSscaled","KSGP","QSSGP"
"Mason Miller (SD - RP)",65.3,101,33,2,2,2.51,0.99,18,63,4,2,"99%",1,40,25,"c",2.22204632576473,2.65167902732786,0.382896399703553,1.25749181216641,4.27394034536892,NA,NA,NA,NA,NA,NA
"Edwin Diaz (LAD - RP)",65,90,37,2,2,3.02,1.06,22,64,5,2,"99%",2,47,22,"c",1.133697104982,1.71184342270533,-0.043621108826987,1.55207261735912,4.79199372056515,NA,NA,NA,NA,NA,NA
"Cade Smith (CLE - RP)",69,89,31,2,2,2.88,1.07,22,69,5,3,"99%",3,53,21,"c",1.43245963617726,1.57758119347354,-0.0823954277843088,1.11020140957005,4.0149136577708,NA,NA,NA,NA,NA,NA
"Jhoan Duran (PHI - RP)",66.5,77,32,2,2,2.88,1.12,21,68,5,3,"99%",4,54,21,"c",1.43245963617726,0.906270047314583,-0.547687255272171,1.18384661086823,4.14442700156986,NA,NA,NA,NA,NA,NA
"Andres Munoz (SEA - RP)",62.8,79,32,2,2,2.91,1.12,20,63,4,3,"99%",5,45,25,"c",1.36843909377828,0.906270047314583,-0.470138617357527,1.18384661086823,4.14442700156986,NA,NA,NA,NA,NA,NA
"Devin Williams (NYM - RP)",63.3,84,31,1,3,3.09,1.14,22,64,4,3,"96%",6,46,27,"c",0.984315839384375,0.637745588851005,-0.276267022570918,1.11020140957005,4.0149136577708,NA,NA,NA,NA,NA,NA
"David Bednar (NYY - RP)",62.7,76,33,2,2,3.25,1.12,23,64,4,3,"96%",7,49,21,"c",0.642872946589795,0.906270047314583,-0.586461574229492,1.25749181216641,4.27394034536892,NA,NA,NA,NA,NA,NA
"Aroldis Chapman (BOS - RP)",60,83,31,1,2,3,1.15,20,62,4,3,"98%",8,42,26,"c",1.17637746658133,0.503483359619215,-0.31504134152824,1.11020140957005,4.0149136577708,NA,NA,NA,NA,NA,NA
"Cody Ponce (TOR - SP,RP)",145,149,0,0,1,4.07,1.25,66,39,8,8,"14%",9,135,46,"c",-1.10702187898243,-0.839138932698689,2.244063709655,-1.1727998306735,0,NA,NA,NA,NA,NA,NA
"Josh Hader (HOU - RP) IL15",54.9,75,27,1,2,3.2,1.07,20,54,4,3,"92%",10,38,21,"c",0.749573850588101,1.57758119347354,-0.625235893186814,0.815620604377332,3.49686028257457,NA,NA,NA,NA,NA,NA
"Sean Manaea (NYM - SP,RP)",126.9,132,0,0,0,4.07,1.21,57,35,8,7,"20%",11,113,40,"c",-1.10702187898243,-0.302090015771528,1.58490028738053,-1.1727998306735,0,NA,NA,NA,NA,NA,NA
"Griffin Jax (TB - RP)",66,83,16,2,12,3.02,1.08,22,67,4,3,"66%",12,53,19,"c",1.133697104982,1.44331896424174,-0.31504134152824,0.00552339009736337,2.07221350078493,NA,NA,NA,NA,NA,NA
"Ryne Nelson (ARI - SP,RP)",156.4,129,0,0,0,4.19,1.26,73,33,9,8,"39%",13,154,43,"c",-1.36310404857836,-0.97340116193048,1.46857733050856,-1.1727998306735,0,NA,NA,NA,NA,NA,NA
"Raisel Iglesias (ATL - RP)",64.8,69,27,1,4,3.62,1.14,26,66,4,3,"93%",14,56,17,"c",-0.146713742997671,0.637745588851005,-0.857881806930745,0.815620604377332,3.49686028257457,NA,NA,NA,NA,NA,NA
"Reid Detmers (LAA - RP)",136.4,150,0,0,0,4.2,1.28,64,31,8,8,"13%",15,124,50,"c",-1.38444422937802,-1.24192562039406,2.28283802861232,-1.1727998306735,0,NA,NA,NA,NA,NA,NA
"Grant Taylor (CWS - RP)",84.5,100,5,0,13,3.27,1.19,31,70,5,4,"8%",16,69,32,"c",0.600192584990472,-0.0335655573079469,0.344122080746231,-0.804573824182605,0.647566718995291,NA,NA,NA,NA,NA,NA
"Ryan Helsley (BAL - RP)",62.8,71,28,2,2,3.5,1.21,24,62,4,3,"85%",17,52,23,"c",0.109368426598264,-0.302090015771528,-0.780333169016101,0.889265805675511,3.62637362637363,NA,NA,NA,NA,NA,NA
"Jeff Hoffman (TOR - RP)",62.6,75,26,2,3,3.63,1.17,25,64,4,3,"86%",18,50,23,"c",-0.168053923797332,0.234958901155634,-0.625235893186814,0.741975403079153,3.36734693877551,NA,NA,NA,NA,NA,NA
"Abner Uribe (MIL - RP)",69.3,81,17,1,12,3.12,1.2,24,69,4,3,"65%",19,53,31,"c",0.920295296985391,-0.167827786539737,-0.392589979442883,0.0791685913955423,2.20172684458399,NA,NA,NA,NA,NA,NA
"Joey Cantillo (CLE - SP,RP)",132.4,140,0,0,1,3.89,1.31,57,43,7,7,"13%",20,116,57,"c",-0.722898624588525,-1.64471230808943,1.8950948390391,-1.1727998306735,0,NA,NA,NA,NA,NA,NA
"Daniel Palencia (CHC - RP)",64.1,73,30,2,3,3.64,1.24,26,63,4,3,"79%",21,53,27,"c",-0.189394104596994,-0.704876703466899,-0.702784531101458,1.03655620827187,3.88540031397174,NA,NA,NA,NA,NA,NA
"Mike Burrows (HOU - SP,RP)",131.4,131,0,0,0,4.14,1.26,60,30,7,7,"19%",22,121,45,"c",-1.25640314458005,-0.97340116193048,1.54612596842321,-1.1727998306735,0,NA,NA,NA,NA,NA,NA
"Ryan Walker (SF - RP)",62.5,66,25,1,4,3.49,1.2,24,62,4,3,"56%",23,55,20,"c",0.130708607397925,-0.167827786539737,-0.97420476380271,0.668330201780974,3.23783359497645,NA,NA,NA,NA,NA,NA
"Braxton Ashcraft (PIT - SP,RP)",131.9,119,0,0,1,3.93,1.29,58,37,7,7,"18%",24,129,42,"c",-0.80825934778717,-1.37618784962585,1.08083414093535,-1.1727998306735,0,NA,NA,NA,NA,NA,NA
"Bryan Abreu (HOU - RP)",67.6,90,8,2,16,3.17,1.17,24,67,4,3,"66%",25,51,28,"c",0.813594392987085,0.234958901155634,-0.043621108826987,-0.583638220288068,1.03610675039246,NA,NA,NA,NA,NA,NA
"Trevor Megill (MIL - RP)",62.5,76,17,2,7,3.43,1.17,24,62,4,3,"86%",26,51,23,"c",0.258749692195892,0.234958901155634,-0.586461574229492,0.0791685913955423,2.20172684458399,NA,NA,NA,NA,NA,NA
"Emilio Pagan (CIN - RP)",65.4,72,27,2,4,3.95,1.18,29,66,3,3,"87%",27,55,22,"c",-0.850939709386492,0.100696671923844,-0.74155885005878,0.815620604377332,3.49686028257457,NA,NA,NA,NA,NA,NA
"Foster Griffin (WSH - RP)",133.8,123,0,0,0,4.15,1.28,62,29,7,8,"1%",28,128,42,"c",-1.27774332537972,-1.24192562039406,1.23593141676463,-1.1727998306735,0,NA,NA,NA,NA,NA,NA
"Ian Seymour (TB - SP,RP)",113.3,110,0,0,1,4.04,1.22,51,38,6,6,"14%",29,103,35,"c",-1.04300133658344,-0.436352245003318,0.731865270319449,-1.1727998306735,0,NA,NA,NA,NA,NA,NA
"Quinn Priester (MIL - SP,RP)",135,112,0,0,0,4.12,1.3,62,24,8,8,"28%",30,131,44,"c",-1.21372278298073,-1.51045007885764,0.809413908234093,-1.1727998306735,0,NA,NA,NA,NA,NA,NA
"Pete Fairbanks (MIA - RP)",60.1,62,26,2,3,3.55,1.21,24,61,3,3,"84%",31,52,21,"c",0.00266752259995807,-0.302090015771528,-1.129302039632,0.741975403079153,3.36734693877551,NA,NA,NA,NA,NA,NA
"Nick Martinez (TB - SP,RP)",144.5,112,0,0,1,4.33,1.28,70,41,8,9,"3%",32,145,39,"c",-1.66186657977362,-1.24192562039406,0.809413908234093,-1.1727998306735,0,NA,NA,NA,NA,NA,NA
"Robert Garcia (TEX - RP)",61.6,67,20,2,8,3.61,1.22,25,64,4,3,"25%",33,53,22,"c",-0.125373562198009,-0.436352245003318,-0.935430444845389,0.300104195290079,2.59026687598116,NA,NA,NA,NA,NA,NA
"Jeremiah Estrada (SD - RP)",67.9,92,1,1,18,3.36,1.15,25,68,4,3,"19%",34,51,27,"c",0.408130957793522,0.503483359619215,0.0339275290876566,-1.09915462937532,0.129513343799058,NA,NA,NA,NA,NA,NA
"Garrett Cleavinger (TB - RP)",63.1,78,7,1,15,3.41,1.15,24,66,4,3,"9%",35,49,24,"c",0.301430053795215,0.503483359619215,-0.508912936314849,-0.657283421586247,0.906593406593407,NA,NA,NA,NA,NA,NA
"Dennis Santana (PIT - RP)",66.4,61,24,1,5,3.93,1.26,29,66,4,3,"50%",36,61,23,"c",-0.80825934778717,-0.97340116193048,-1.16807635858932,0.594685000482795,3.10832025117739,NA,NA,NA,NA,NA,NA
"Garrett Whitlock (BOS - RP)",68,75,3,1,18,3.33,1.15,25,63,4,3,"21%",37,59,19,"c",0.472151500192505,0.503483359619215,-0.625235893186814,-0.951864226778963,0.388540031397174,NA,NA,NA,NA,NA,NA
"Adrian Morejon (SD - RP)",66.6,67,3,1,15,3.33,1.18,25,67,5,4,"14%",38,57,21,"c",0.472151500192505,0.100696671923844,-0.935430444845389,-0.951864226778963,0.388540031397174,NA,NA,NA,NA,NA,NA
"Carlos Estevez (KC - RP)",63.7,57,31,2,2,4.23,1.27,30,64,3,4,"89%",39,58,23,"c",-1.44846477177701,-1.10766339116227,-1.32317363441861,1.11020140957005,4.0149136577708,NA,NA,NA,NA,NA,NA
"Robert Suarez (ATL - RP)",65.8,69,9,2,15,3.59,1.18,26,66,4,3,"62%",40,57,20,"c",-0.082693200598687,0.100696671923844,-0.857881806930745,-0.509993018989889,1.16562009419152,NA,NA,NA,NA,NA,NA
"Shohei Ohtani (LAD - SP,DH)",118.8,143,0,NA,NA,3.37,1.11,44,23,9,5,"100%",1,93,39,"c",1.41474672212216,1.40860802797527,-0.380315913343591,0,0,23,12,1,-0.605380995597773,2.02932828760643,1.47871545929798
"Tarik Skubal (DET - SP)",193.3,234,0,NA,NA,2.72,0.97,58,31,14,7,"99%",2,148,40,"c",3.25686484988538,3.24478236611809,2.96352448417011,0,0,31,21,1,2.84299176413638,3.32071901608326,2.58775205377147
"Paul Skenes (PIT - SP)",186,221,0,NA,NA,2.79,1.04,58,31,13,7,"99%",3,146,48,"c",3.05848289766472,2.32669519704668,2.48583299881101,0,0,31,20,1,2.45983923527703,3.13623462630085,2.46452576549664
"Garrett Crochet (BOS - SP)",189.4,231,0,NA,NA,3.01,1.07,63,31,14,8,"99%",4,153,49,"c",2.4349967621141,1.93322926744465,2.85328798754878,0,0,31,19,1,2.07668670641768,3.27814569536424,2.34129947722181
"Bryan Woo (SEA - SP)",186.9,189,0,NA,NA,3.4,1.05,71,31,13,9,"99%",5,157,40,"c",1.32972588545616,2.19553988717934,1.30997703485015,0,0,31,18,0,1.69353417755833,2.68211920529801,2.21807318894698
"Cristopher Sanchez (PHI - SP)",191.7,188,0,NA,NA,3.19,1.14,68,31,13,8,"99%",6,172,47,"c",1.92487174211813,1.01514209837324,1.27323153597637,0,0,31,19,1,2.07668670641768,2.66792809839168,2.34129947722181
"Logan Webb (SF - SP)",197.4,188,0,NA,NA,3.28,1.17,72,32,13,9,"99%",7,186,45,"c",1.66980923212014,0.621676168771212,1.27323153597637,0,0,31,19,1,2.07668670641768,2.66792809839168,2.34129947722181
"Logan Gilbert (SEA - SP)",165.4,185,0,NA,NA,3.38,1.06,62,29,11,7,"99%",8,136,39,"c",1.38640644323349,2.06438457731199,1.16299503935504,0,0,29,16,1,0.927229119839627,2.62535477767266,1.97162061239731
"Max Fried (NYY - SP)",183,173,0,NA,NA,3.31,1.17,67,30,14,8,"99%",9,160,54,"c",1.58478839545415,0.621676168771212,0.722049052869716,0,0,30,18,1,1.69353417755833,2.45506149479659,2.21807318894698
"Chris Sale (ATL - SP)",159.4,195,0,NA,NA,3.23,1.1,57,27,11,6,"99%",10,132,43,"c",1.81151062656347,1.53976333784262,1.53045002809281,0,0,27,16,0,0.927229119839627,2.76726584673605,1.97162061239731
"Jacob deGrom (TEX - SP)",162.8,180,0,NA,NA,3.48,1.06,63,28,11,8,"99%",11,134,39,"c",1.10300365434684,2.06438457731199,0.979267544986154,0,0,28,15,0,0.544076590980277,2.55439924314097,1.84839432412248
"Yoshinobu Yamamoto (LAD - SP)",159.6,174,0,NA,NA,3.27,1.11,58,27,12,6,"99%",12,130,48,"c",1.69814951100881,1.40860802797527,0.758794551743493,0,0,27,16,0,0.927229119839627,2.46925260170293,1.97162061239731
"Hunter Brown (HOU - SP)",179.7,194,0,NA,NA,3.44,1.18,69,31,12,8,"99%",13,152,59,"c",1.2163647699015,0.490520858903868,1.49370452921903,0,0,30,18,1,1.69353417755833,2.75307473982971,2.21807318894698
"George Kirby (SEA - SP)",171.1,168,0,NA,NA,3.55,1.11,68,30,12,8,"98%",14,156,33,"c",0.904621702126187,1.40860802797527,0.538321558500832,0,0,30,16,0,0.927229119839627,2.3841059602649,1.97162061239731
"Cole Ragans (KC - SP)",155.9,194,0,NA,NA,3.38,1.15,59,27,11,7,"98%",15,124,55,"c",1.38640644323349,0.8839867885059,1.49370452921903,0,0,28,15,0,0.544076590980277,2.75307473982971,1.84839432412248
"Framber Valdez (DET - SP)",191.4,179,0,NA,NA,3.49,1.23,74,30,13,9,"99%",16,171,64,"c",1.07466337545818,-0.165255690432853,0.942522046112377,0,0,30,18,2,1.69353417755833,2.54020813623463,2.21807318894698
"Jesus Luzardo (PHI - SP)",177.2,197,0,NA,NA,3.66,1.18,72,31,12,9,"98%",17,154,55,"c",0.592878634350872,0.490520858903868,1.60394102584036,0,0,30,17,0,1.31038164869898,2.79564806054872,2.09484690067214
"Joe Ryan (MIN - SP)",168.5,185,0,NA,NA,3.8,1.1,71,29,11,9,"99%",18,146,40,"c",0.196114729909563,1.53976333784262,1.16299503935504,0,0,29,15,0,0.544076590980277,2.62535477767266,1.84839432412248
"Zack Wheeler (PHI - SP)",141.3,161,0,NA,NA,3.28,1.08,51,23,10,6,"93%",19,115,37,"c",1.66980923212014,1.80207395757731,0.281103066384393,0,0,23,14,0,0.160924062120927,2.28476821192053,1.72516803584765
"Nathan Eovaldi (TEX - SP)",162.3,156,0,NA,NA,3.62,1.14,65,27,11,8,"92%",20,144,41,"c",0.706239749905532,1.01514209837324,0.097375572015509,0,0,27,15,1,0.544076590980277,2.21381267738884,1.84839432412248
"Dylan Cease (TOR - SP)",170.2,200,0,NA,NA,3.69,1.22,70,31,11,9,"98%",21,142,65,"c",0.507857797684877,-0.0341003805655086,1.71417752246169,0,0,30,16,0,0.927229119839627,2.83822138126774,1.97162061239731
"Freddy Peralta (NYM - SP)",165.4,183,0,NA,NA,3.78,1.2,69,30,12,8,"99%",22,137,61,"c",0.252795287686893,0.22821023916918,1.08950404160748,0,0,30,15,0,0.544076590980277,2.59697256385998,1.84839432412248
"Sonny Gray (BOS - SP)",171.5,180,0,NA,NA,3.74,1.2,71,30,11,9,"96%",23,160,45,"c",0.366156403241551,0.22821023916918,0.979267544986154,0,0,30,16,0,0.927229119839627,2.55439924314097,1.97162061239731
"Nick Pivetta (SD - SP)",169.6,183,0,NA,NA,3.91,1.16,74,29,10,9,"98%",24,145,51,"c",-0.115628337865753,0.752831478638556,1.08950404160748,0,0,29,15,0,0.544076590980277,2.59697256385998,1.84839432412248
"Kevin Gausman (TOR - SP)",179.1,175,0,NA,NA,3.93,1.21,78,30,12,9,"97%",25,164,53,"c",-0.172308895643083,0.0970549293018355,0.79554005061727,0,0,30,16,1,0.927229119839627,2.48344370860927,1.97162061239731
"Luis Castillo (SEA - SP)",178.7,167,0,NA,NA,3.88,1.19,77,31,11,9,"94%",26,162,51,"c",-0.0306075011997573,0.359365549036524,0.501576059627055,0,0,30,16,0,0.927229119839627,2.36991485335856,1.97162061239731
"Brandon Woodruff (MIL - SP)",147,156,0,NA,NA,3.76,1.13,61,27,10,8,"90%",27,127,40,"c",0.309475845464223,1.14629740824059,0.097375572015509,0,0,27,14,0,0.160924062120927,2.21381267738884,1.72516803584765
"Spencer Strider (ATL - SP)",158.3,187,0,NA,NA,3.95,1.21,69,28,11,9,"93%",28,137,56,"c",-0.228989453420413,0.0970549293018355,1.23648603710259,0,0,28,14,0,0.160924062120927,2.65373699148534,1.72516803584765
"Drew Rasmussen (TB - SP)",154.2,139,0,NA,NA,3.64,1.17,62,30,10,8,"84%",29,139,41,"c",0.649559192128202,0.621676168771212,-0.527297908838698,0,0,30,14,0,0.160924062120927,1.97256385998108,1.72516803584765
"Tanner Bibee (CLE - SP)",177.2,166,0,NA,NA,3.94,1.22,78,30,11,10,"85%",30,164,53,"c",-0.200649174531747,-0.0341003805655086,0.464830560753278,0,0,30,15,1,0.544076590980277,2.35572374645222,1.84839432412248
"Blake Snell (LAD - SP)",130.9,162,0,NA,NA,3.45,1.22,50,23,10,6,"95%",31,102,57,"c",1.18802449101284,-0.0341003805655086,0.31784856525817,0,0,23,13,0,-0.222228466738423,2.29895931882687,1.60194174757282
"Ranger Suarez (BOS - SP)",167,150,0,NA,NA,3.67,1.25,68,28,11,8,"88%",32,161,47,"c",0.564538355462207,-0.427566310167541,-0.123097421227152,0,0,28,15,0,0.544076590980277,2.1286660359508,1.84839432412248
"Kyle Bradish (BAL - SP)",138.1,149,0,NA,NA,3.59,1.18,55,25,9,7,"95%",33,119,44,"c",0.791260586571527,0.490520858903868,-0.159842920100929,0,0,26,13,0,-0.222228466738423,2.11447492904447,1.60194174757282
"Matthew Boyd (CHC - SP)",162.8,147,0,NA,NA,3.92,1.21,71,28,11,9,"81%",34,150,47,"c",-0.143968616754417,0.0970549293018355,-0.233333917848483,0,0,28,14,0,0.160924062120927,2.08609271523179,1.72516803584765
"MacKenzie Gore (TEX - SP)",160.1,181,0,NA,NA,3.88,1.25,69,29,10,9,"87%",35,140,60,"c",-0.0306075011997573,-0.427566310167541,1.01601304385993,0,0,29,14,0,0.160924062120927,2.5685903500473,1.72516803584765
"Tyler Glasnow (LAD - SP)",130.2,152,0,NA,NA,3.64,1.17,53,23,9,6,"93%",36,105,48,"c",0.649559192128202,0.621676168771212,-0.0496064234795986,0,0,23,12,0,-0.605380995597773,2.15704824976348,1.47871545929798
"Michael King (SD - SP)",157.5,165,0,NA,NA,3.81,1.24,67,28,10,8,"87%",37,139,56,"c",0.167774451020897,-0.296411000300197,0.428085061879501,0,0,29,14,1,0.160924062120927,2.34153263954589,1.72516803584765
"Emmet Sheehan (LAD - SP)",134.5,156,0,NA,NA,3.81,1.16,57,34,9,6,"84%",38,111,45,"c",0.167774451020897,0.752831478638556,0.097375572015509,0,0,24,11,0,-0.988533524457123,2.21381267738884,1.35548917102315
"Ryan Pepiot (TB - SP)",167.5,171,0,NA,NA,4.05,1.22,75,31,10,10,"90%",39,145,59,"c",-0.512392242307062,-0.0341003805655086,0.648558055122162,0,0,31,15,0,0.544076590980277,2.42667928098392,1.84839432412248
"Shota Imanaga (CHC - SP)",154.8,142,0,NA,NA,4.09,1.15,70,27,10,8,"82%",40,144,34,"c",-0.625753357861722,0.8839867885059,-0.417061412217367,0,0,27,14,0,0.160924062120927,2.0151371807001,1.72516803584765
"Zac Gallen (ARI - SP)",179.6,168,0,NA,NA,4.12,1.27,82,31,12,10,"83%",41,170,58,"c",-0.710774194527717,-0.689876929902229,0.538321558500832,0,0,31,16,0,0.927229119839627,2.3841059602649,1.97162061239731
"Aaron Nola (PHI - SP)",169,167,0,NA,NA,4.14,1.22,78,29,10,9,"67%",42,161,45,"c",-0.767454752305046,-0.0341003805655086,0.501576059627055,0,0,29,14,0,0.160924062120927,2.36991485335856,1.72516803584765
"Jack Flaherty (DET - SP)",158.3,174,0,NA,NA,4.01,1.25,71,29,10,9,"79%",43,142,55,"c",-0.399031126752402,-0.427566310167541,0.758794551743493,0,0,29,14,0,0.160924062120927,2.46925260170293,1.72516803584765
"Nick Lodolo (CIN - SP)",152.4,155,0,NA,NA,4.03,1.19,68,28,9,9,"88%",44,141,41,"c",-0.455711684529733,0.359365549036524,0.0606300731417321,0,0,28,13,1,-0.222228466738423,2.1996215704825,1.60194174757282
"Shane McClanahan (TB - SP)",128.4,136,0,NA,NA,3.63,1.17,52,23,8,7,"55%",45,111,39,"c",0.677899471016867,0.621676168771212,-0.637534405460029,0,0,23,12,0,-0.605380995597773,1.92999053926206,1.47871545929798
"Carlos Rodon (NYY - SP)",145.3,152,0,NA,NA,3.99,1.22,64,26,10,8,"73%",46,124,53,"c",-0.342350568975073,-0.0341003805655086,-0.0496064234795986,0,0,26,13,0,-0.222228466738423,2.15704824976348,1.60194174757282
"Eury Perez (MIA - SP)",137.5,151,0,NA,NA,3.91,1.18,60,27,8,8,"90%",47,115,47,"c",-0.115628337865753,0.490520858903868,-0.0863519223533755,0,0,27,12,0,-0.605380995597773,2.14285714285714,1.47871545929798
"Nolan McLean (NYM - SP)",150.5,145,0,NA,NA,3.82,1.28,64,26,10,8,"90%",48,134,58,"c",0.139434172132233,-0.821032239769573,-0.306824915596037,0,0,26,13,0,-0.222228466738423,2.05771050141911,1.60194174757282
"Robbie Ray (SF - SP)",171.1,177,0,NA,NA,4.19,1.28,80,30,10,10,"82%",49,153,66,"c",-0.909156146748373,-0.821032239769573,0.869031048364824,0,0,30,15,1,0.544076590980277,2.51182592242195,1.84839432412248
"Gavin Williams (CLE - SP)",166.1,169,0,NA,NA,3.98,1.31,73,30,10,9,"86%",50,146,71,"c",-0.314010290086407,-1.21449816937161,0.575067057374609,0,0,30,15,0,0.544076590980277,2.39829706717124,1.84839432412248
"Chase Burns (CIN - SP,RP)",115.1,138,0,NA,NA,3.63,1.16,46,26,7,6,"91%",51,98,36,"c",0.677899471016867,0.752831478638556,-0.564043407712475,0,0,21,10,1,-1.37168605331647,1.95837275307474,1.23226288274832
"Edward Cabrera (CHC - SP)",138,148,0,NA,NA,3.9,1.24,60,26,9,7,"62%",52,117,54,"c",-0.0872880589770873,-0.296411000300197,-0.196588418974706,0,0,26,12,0,-0.605380995597773,2.10028382213813,1.47871545929798
"Kris Bubic (KC - SP)",141.3,138,0,NA,NA,3.77,1.26,59,30,9,7,"53%",53,131,47,"c",0.281135566575557,-0.558721620034885,-0.564043407712475,0,0,25,12,0,-0.605380995597773,1.95837275307474,1.47871545929798
"Merrill Kelly (ARI - SP)",159.8,143,0,NA,NA,4.05,1.26,72,28,10,8,"53%",54,153,48,"c",-0.512392242307062,-0.558721620034885,-0.380315913343591,0,0,27,14,0,0.160924062120927,2.02932828760643,1.72516803584765
"Sandy Alcantara (MIA - SP)",179.5,149,0,NA,NA,4.13,1.27,82,30,10,11,"81%",55,174,53,"c",-0.739114473416382,-0.689876929902229,-0.159842920100929,0,0,30,15,1,0.544076590980277,2.11447492904447,1.84839432412248
"Jose Soriano (LAA - SP)",170.2,155,0,NA,NA,3.82,1.34,72,31,10,10,"17%",56,155,72,"c",0.139434172132233,-1.60796409897364,0.0606300731417321,0,0,30,16,0,0.927229119839627,2.1996215704825,1.97162061239731
"Joe Musgrove (SD - SP)",140.9,134,0,NA,NA,3.93,1.2,62,25,8,8,"32%",57,132,36,"c",-0.172308895643083,0.22821023916918,-0.711025403207583,0,0,25,13,0,-0.222228466738423,1.90160832544939,1.60194174757282
"Andrew Abbott (CIN - SP)",167.1,152,0,NA,NA,4.2,1.26,78,29,10,9,"76%",58,158,52,"c",-0.937496425637038,-0.558721620034885,-0.0496064234795986,0,0,29,14,1,0.160924062120927,2.15704824976348,1.72516803584765
"Gerrit Cole (NYY - SP)",123,124,0,NA,NA,3.85,1.17,53,21,8,6,"75%",59,108,36,"c",0.0544133354662371,0.621676168771212,-1.07848039194535,0,0,21,11,1,-0.988533524457123,1.759697256386,1.35548917102315
"Jacob Misiorowski (MIL - SP)",136.7,157,0,NA,NA,3.96,1.28,60,30,9,8,"92%",60,111,64,"c",-0.257329732309077,-0.821032239769573,0.134121070889286,0,0,25,12,0,-0.605380995597773,2.22800378429518,1.47871545929798
"Bryce Miller (SEA - SP)",141.7,126,0,NA,NA,4.14,1.21,65,26,9,8,"24%",61,130,42,"c",-0.767454752305046,0.0970549293018355,-1.0049893941978,0,0,26,12,0,-0.605380995597773,1.78807947019868,1.47871545929798
"Bailey Ober (MIN - SP)",157.1,142,0,NA,NA,4.36,1.21,76,28,9,9,"18%",62,152,38,"c",-1.39094088785568,0.0970549293018355,-0.417061412217367,0,0,28,13,1,-0.222228466738423,2.0151371807001,1.60194174757282
"Cody Ponce (TOR - SP,RP)",145,149,0,NA,NA,4.07,1.25,66,39,8,8,"14%",63,135,46,"c",-0.569072800084393,-0.427566310167541,-0.159842920100929,0,0,22,11,0,-0.988533524457123,2.11447492904447,1.35548917102315
"Trey Yesavage (TOR - SP) IL15",124.5,143,0,NA,NA,3.8,1.24,53,31,7,6,"80%",64,102,53,"c",0.196114729909563,-0.296411000300197,-0.380315913343591,0,0,23,11,0,-0.988533524457123,2.02932828760643,1.35548917102315
"Mitch Keller (PIT - SP)",175.9,154,0,NA,NA,4.28,1.29,84,31,10,11,"18%",65,175,53,"c",-1.16421865674636,-0.952187549636918,0.0238845742679552,0,0,31,15,0,0.544076590980277,2.18543046357616,1.84839432412248
"David Peterson (NYM - SP)",161.7,145,0,NA,NA,3.94,1.34,71,29,10,8,"14%",66,155,62,"c",-0.200649174531747,-1.60796409897364,-0.306824915596037,0,0,29,15,1,0.544076590980277,2.05771050141911,1.84839432412248
"Shane Baz (BAL - SP)",151.9,149,0,NA,NA,4.2,1.27,71,28,9,9,"48%",67,140,54,"c",-0.937496425637038,-0.689876929902229,-0.159842920100929,0,0,28,13,0,-0.222228466738423,2.11447492904447,1.60194174757282
"Sean Manaea (NYM - SP,RP)",126.9,132,0,NA,NA,4.07,1.21,57,35,8,7,"20%",68,113,40,"c",-0.569072800084393,0.0970549293018355,-0.784516400955136,0,0,21,9,0,-1.75483858217582,1.87322611163671,1.10903659447349
"Brandon Pfaadt (ARI - SP)",164.8,145,0,NA,NA,4.38,1.26,80,29,10,10,"8%",69,170,39,"c",-1.44762144563301,-0.558721620034885,-0.306824915596037,0,0,29,14,0,0.160924062120927,2.05771050141911,1.72516803584765
"Brady Singer (CIN - SP)",168.5,157,0,NA,NA,4.35,1.3,81,31,10,11,"19%",70,164,55,"c",-1.36260060896701,-1.08334285950426,0.134121070889286,0,0,31,14,0,0.160924062120927,2.22800378429518,1.72516803584765
"Shane Bieber (TOR - SP)",116,107,0,NA,NA,3.8,1.18,49,25,7,6,"51%",71,109,28,"c",0.196114729909563,0.490520858903868,-1.70315387279956,0,0,19,10,0,-1.37168605331647,1.51844843897824,1.23226288274832
"Ryne Nelson (ARI - SP,RP)",156.4,129,0,NA,NA,4.19,1.26,73,33,9,8,"39%",72,154,43,"c",-0.909156146748373,-0.558721620034885,-0.894752897576467,0,0,27,13,0,-0.222228466738423,1.83065279091769,1.60194174757282
"Casey Mize (DET - SP)",143.7,125,0,NA,NA,4.13,1.26,66,27,9,8,"17%",73,142,40,"c",-0.739114473416382,-0.558721620034885,-1.04173489307157,0,0,27,12,0,-0.605380995597773,1.77388836329234,1.47871545929798
"Reynaldo Lopez (ATL - SP)",131.8,133,0,NA,NA,3.96,1.27,58,31,8,7,"11%",74,121,46,"c",-0.257329732309077,-0.689876929902229,-0.747770902081359,0,0,23,11,0,-0.988533524457123,1.88741721854305,1.35548917102315
"Yusei Kikuchi (LAA - SP)",167,168,0,NA,NA,4.27,1.32,79,31,9,10,"21%",75,161,60,"c",-1.13587837785769,-1.34565347923895,0.538321558500832,0,0,30,14,0,0.160924062120927,2.3841059602649,1.72516803584765
"Trevor Rogers (BAL - SP)",144.3,125,0,NA,NA,4.07,1.28,65,26,9,8,"81%",76,138,47,"c",-0.569072800084393,-0.821032239769573,-1.04173489307157,0,0,26,13,1,-0.222228466738423,1.77388836329234,1.60194174757282
"Shane Smith (CWS - SP)",157.9,150,0,NA,NA,4.22,1.28,74,29,8,10,"16%",77,143,59,"c",-0.994176983414366,-0.821032239769573,-0.123097421227152,0,0,29,13,0,-0.222228466738423,2.1286660359508,1.60194174757282
"Chris Bassitt (BAL - SP)",168.1,151,0,NA,NA,4.3,1.32,80,33,10,10,"16%",78,165,58,"c",-1.22089921452369,-1.34565347923895,-0.0863519223533755,0,0,29,14,1,0.160924062120927,2.14285714285714,1.72516803584765
"Grayson Rodriguez (LAA - SP) IL10",119.9,128,0,NA,NA,3.95,1.24,53,22,7,7,"14%",79,109,40,"c",-0.228989453420413,-0.296411000300197,-0.931498396450244,0,0,22,11,0,-0.988533524457123,1.81646168401135,1.35548917102315
"Clay Holmes (NYM - SP)",151.8,124,0,NA,NA,3.95,1.35,67,28,10,9,"19%",80,147,57,"c",-0.228989453420413,-1.73911940884098,-1.07848039194535,0,0,27,13,0,-0.222228466738423,1.759697256386,1.60194174757282
"Michael Wacha (KC - SP)",165.8,129,0,NA,NA,4.32,1.29,80,29,10,10,"16%",81,165,49,"c",-1.27757977230102,-0.952187549636918,-0.894752897576467,0,0,29,14,0,0.160924062120927,1.83065279091769,1.72516803584765
"Hunter Greene (CIN - SP)",87.6,107,0,NA,NA,3.69,1.12,36,16,6,4,"83%",82,70,28,"c",0.507857797684877,1.27745271810793,-1.70315387279956,0,0,15,8,1,-2.13799111103517,1.51844843897824,0.985810306198656
"Jack Leiter (TEX - SP)",152.7,147,0,NA,NA,4.3,1.3,73,29,9,9,"20%",83,136,62,"c",-1.22089921452369,-1.08334285950426,-0.233333917848483,0,0,28,12,0,-0.605380995597773,2.08609271523179,1.47871545929798
"Cam Schlittler (NYY - SP)",127.1,127,0,NA,NA,4.01,1.28,57,24,8,7,"88%",84,114,49,"c",-0.399031126752402,-0.821032239769573,-0.968243895324021,0,0,24,11,0,-0.988533524457123,1.80227057710501,1.35548917102315
"Braxton Garrett (MIA - SP)",122.6,110,0,NA,NA,3.95,1.22,54,29,7,7,"2%",85,121,29,"c",-0.228989453420413,-0.0341003805655086,-1.59291737617823,0,0,22,10,1,-1.37168605331647,1.56102175969726,1.23226288274832
"Joey Cantillo (CLE - SP,RP)",132.4,140,0,NA,NA,3.89,1.31,57,43,7,7,"13%",86,116,57,"c",-0.058947780088423,-1.21449816937161,-0.490552409964921,0,0,21,9,0,-1.75483858217582,1.98675496688742,1.10903659447349
"Cade Horton (CHC - SP)",129.5,113,0,NA,NA,4.04,1.25,58,24,8,7,"64%",87,118,43,"c",-0.484051963418397,-0.427566310167541,-1.4826808795569,0,0,24,11,0,-0.988533524457123,1.60359508041627,1.35548917102315
"Mike Burrows (HOU - SP,RP)",131.4,131,0,NA,NA,4.14,1.26,60,30,7,7,"19%",88,121,45,"c",-0.767454752305046,-0.558721620034885,-0.821261899828913,0,0,25,10,0,-1.37168605331647,1.85903500473037,1.23226288274832
"Jameson Taillon (CHC - SP)",149.5,116,0,NA,NA,4.44,1.24,74,26,9,9,"8%",89,149,36,"c",-1.617663118965,-0.296411000300197,-1.37244438293557,0,0,27,12,0,-0.605380995597773,1.64616840113529,1.47871545929798
"Zach Eflin (BAL - SP)",142.1,110,0,NA,NA,4.39,1.24,69,29,9,8,"5%",90,149,28,"c",-1.47596172452167,-0.296411000300197,-1.59291737617823,0,0,24,11,0,-0.988533524457123,1.56102175969726,1.35548917102315
"Noah Cameron (KC - SP)",147.8,125,0,NA,NA,4.25,1.3,70,27,9,9,"23%",91,144,49,"c",-1.07919782008036,-1.08334285950426,-1.04173489307157,0,0,27,13,0,-0.222228466738423,1.77388836329234,1.60194174757282
"Kodai Senga (NYM - SP)",122.6,123,0,NA,NA,3.96,1.31,54,29,8,6,"28%",92,107,54,"c",-0.257329732309077,-1.21449816937161,-1.11522589081913,0,0,21,10,0,-1.37168605331647,1.74550614947966,1.23226288274832
"Braxton Ashcraft (PIT - SP,RP)",131.9,119,0,NA,NA,3.93,1.29,58,37,7,7,"18%",93,129,42,"c",-0.172308895643083,-0.952187549636918,-1.26220788631424,0,0,22,10,0,-1.37168605331647,1.68874172185431,1.23226288274832
"Bubba Chandler (PIT - SP)",144.1,136,0,NA,NA,4.19,1.31,67,33,8,8,"63%",94,135,54,"c",-0.909156146748373,-1.21449816937161,-0.637534405460029,0,0,26,11,0,-0.988533524457123,1.92999053926206,1.35548917102315
"Brayan Bello (BOS - SP)",157.1,128,0,NA,NA,4.26,1.34,74,28,10,9,"16%",95,156,55,"c",-1.10753809896903,-1.60796409897364,-0.931498396450244,0,0,28,13,0,-0.222228466738423,1.81646168401135,1.60194174757282
"Chad Patrick (MIL - SP)",140.8,133,0,NA,NA,4.34,1.28,68,27,8,8,"7%",96,133,47,"c",-1.33426033007835,-0.821032239769573,-0.747770902081359,0,0,26,12,0,-0.605380995597773,1.88741721854305,1.47871545929798
"Zebby Matthews (MIN - SP)",116.6,114,0,NA,NA,4.1,1.24,53,29,7,7,"3%",97,115,30,"c",-0.654093636750386,-0.296411000300197,-1.44593538068312,0,0,21,9,0,-1.75483858217582,1.61778618732261,1.10903659447349
"Tatsuya Imai (HOU - SP)",146.8,149,0,NA,NA,4.29,1.33,70,26,8,7,"63%",98,133,63,"c",-1.19255893563502,-1.47680878910629,-0.159842920100929,0,0,26,13,3,-0.222228466738423,2.11447492904447,1.60194174757282
"Tyler Mahle (SF - SP)",130.5,108,0,NA,NA,4.12,1.28,60,24,8,8,"4%",99,127,41,"c",-0.710774194527717,-0.821032239769573,-1.66640837392578,0,0,24,11,0,-0.988533524457123,1.53263954588458,1.35548917102315
"Ian Seymour (TB - SP,RP)",113.3,110,0,NA,NA,4.04,1.22,51,38,6,6,"14%",100,103,35,"c",-0.484051963418397,-0.0341003805655086,-1.59291737617823,0,0,16,8,0,-2.13799111103517,1.56102175969726,0.985810306198656
